date,index_name,close
2025-01-01,ASPI,1000.0
2025-01-02,ASPI,1008.29
2025-01-03,ASPI,1014.63
2025-01-06,ASPI,1016.62
2025-01-07,ASPI,1015.06
2025-01-08,ASPI,1014.02
2025-01-09,ASPI,1000.29
2025-01-10,ASPI,1001.94
2025-01-13,ASPI,999.55
2025-01-14,ASPI,1001.94
2025-01-15,ASPI,1004.6
2025-01-16,ASPI,1012.64
2025-01-17,ASPI,1010.85
2025-01-20,ASPI,1013.25
2025-01-21,ASPI,1023.13
2025-01-22,ASPI,1020.12
2025-01-23,ASPI,1020.83
2025-01-24,ASPI,1021.64
2025-01-27,ASPI,1014.36
2025-01-28,ASPI,1016.99
2025-01-29,ASPI,1010.56
2025-01-30,ASPI,1019.11
2025-01-31,ASPI,1011.85
2025-02-03,ASPI,1013.78
2025-02-04,ASPI,1013.64
2025-02-05,ASPI,1016.26
2025-02-06,ASPI,1019.47
2025-02-07,ASPI,1014.66
2025-02-10,ASPI,1017.53
2025-02-11,ASPI,1014.36
2025-02-12,ASPI,1018.66
2025-02-13,ASPI,1012.07
2025-02-14,ASPI,1008.09
2025-02-17,ASPI,1008.17
2025-02-18,ASPI,1012.81
2025-02-19,ASPI,1011.4
2025-02-20,ASPI,1011.02
2025-02-21,ASPI,1019.42
2025-02-24,ASPI,1024.01
2025-02-25,ASPI,1024.31
2025-02-26,ASPI,1021.38
2025-02-27,ASPI,1018.13
2025-02-28,ASPI,1015.89
2025-03-03,ASPI,1011.53
2025-03-04,ASPI,1013.88
2025-03-05,ASPI,1017.53
2025-03-06,ASPI,1022.4
2025-03-07,ASPI,1017.12
2025-03-10,ASPI,1017.02
2025-03-11,ASPI,1014.24
2025-03-12,ASPI,1026.07
2025-03-13,ASPI,1032.84
2025-03-14,ASPI,1023.82
2025-03-17,ASPI,1030.89
2025-03-18,ASPI,1036.47
2025-03-19,ASPI,1038.32
2025-03-20,ASPI,1044.6
2025-03-21,ASPI,1051.21
2025-03-24,ASPI,1051.65
2025-03-25,ASPI,1055.82
2025-03-26,ASPI,1053.74
2025-03-27,ASPI,1053.59
2025-03-28,ASPI,1054.46
2025-03-31,ASPI,1058.49
2025-04-01,ASPI,1058.56
2025-04-02,ASPI,1059.04
2025-04-03,ASPI,1061.73
2025-04-04,ASPI,1053.62
2025-04-07,ASPI,1055.85
2025-04-08,ASPI,1061.5
2025-04-09,ASPI,1067.68
2025-04-10,ASPI,1071.9
2025-04-11,ASPI,1068.37
2025-04-14,ASPI,1072.41
2025-04-15,ASPI,1078.23
2025-04-16,ASPI,1081.78
2025-04-17,ASPI,1079.28
2025-04-18,ASPI,1082.27
2025-04-21,ASPI,1079.32
2025-04-22,ASPI,1074.22
2025-04-23,ASPI,1079.35
2025-04-24,ASPI,1083.13
2025-04-25,ASPI,1092.33
2025-04-28,ASPI,1101.03
2025-04-29,ASPI,1098.31
2025-04-30,ASPI,1096.79
2025-05-01,ASPI,1106.1
2025-05-02,ASPI,1100.77
2025-05-05,ASPI,1103.47
2025-05-06,ASPI,1101.24
2025-05-07,ASPI,1097.88
2025-05-08,ASPI,1098.82
2025-05-09,ASPI,1105.65
2025-05-12,ASPI,1106.45
2025-05-13,ASPI,1106.29
2025-05-14,ASPI,1101.99
2025-05-15,ASPI,1099.99
2025-05-16,ASPI,1100.36
2025-05-19,ASPI,1100.04
2025-05-20,ASPI,1110.67
2025-05-21,ASPI,1108.84
2025-05-22,ASPI,1115.69
2025-05-23,ASPI,1110.05
2025-05-26,ASPI,1108.64
2025-05-27,ASPI,1099.34
2025-05-28,ASPI,1101.62
2025-05-29,ASPI,1095.21
2025-05-30,ASPI,1101.7
2025-06-02,ASPI,1097.57
2025-06-03,ASPI,1101.83
2025-06-04,ASPI,1107.16
2025-06-05,ASPI,1103.29
2025-06-06,ASPI,1096.84
2025-06-09,ASPI,1093.71
2025-06-10,ASPI,1091.91
2025-06-11,ASPI,1092.5
2025-06-12,ASPI,1099.74
2025-06-13,ASPI,1101.99
2025-06-16,ASPI,1097.96
2025-06-17,ASPI,1089.7
2025-06-18,ASPI,1089.01
2025-06-19,ASPI,1082.66
2025-06-20,ASPI,1082.69
2025-06-23,ASPI,1079.34
2025-06-24,ASPI,1074.61
2025-06-25,ASPI,1077.15
2025-06-26,ASPI,1080.67
2025-06-27,ASPI,1076.95
2025-06-30,ASPI,1070.86
2025-07-01,ASPI,1076.63
2025-07-02,ASPI,1077.08
2025-07-03,ASPI,1083.0
2025-07-04,ASPI,1079.3
2025-07-07,ASPI,1077.64
2025-07-08,ASPI,1081.34
2025-07-09,ASPI,1093.4
2025-07-10,ASPI,1095.79
2025-07-11,ASPI,1099.29
2025-07-14,ASPI,1093.18
2025-07-15,ASPI,1094.79
2025-07-16,ASPI,1094.63
2025-07-17,ASPI,1088.85
2025-07-18,ASPI,1094.47
2025-07-21,ASPI,1096.42
2025-07-22,ASPI,1100.71
2025-07-23,ASPI,1095.44
2025-07-24,ASPI,1098.25
2025-07-25,ASPI,1095.43
2025-07-28,ASPI,1103.37
2025-07-29,ASPI,1098.04
2025-07-30,ASPI,1096.81
2025-07-31,ASPI,1096.5
2025-08-01,ASPI,1090.44
2025-08-04,ASPI,1090.27
2025-08-05,ASPI,1092.93
2025-08-06,ASPI,1097.43
2025-08-07,ASPI,1093.92
2025-08-08,ASPI,1094.89
2025-08-11,ASPI,1094.34
2025-08-12,ASPI,1100.3
2025-08-13,ASPI,1103.37
2025-08-14,ASPI,1098.21
2025-08-15,ASPI,1091.31
2025-08-18,ASPI,1094.52
2025-08-19,ASPI,1099.61
2025-08-20,ASPI,1101.98
2025-08-21,ASPI,1103.24
2025-08-22,ASPI,1112.88
2025-08-25,ASPI,1118.61
2025-08-26,ASPI,1114.07
2025-08-27,ASPI,1107.43
2025-08-28,ASPI,1100.22
2025-08-29,ASPI,1101.54
2025-09-01,ASPI,1099.32
2025-09-02,ASPI,1095.34
2025-09-03,ASPI,1094.6
2025-09-04,ASPI,1087.12
2025-09-05,ASPI,1080.3
2025-09-08,ASPI,1085.48
2025-09-09,ASPI,1090.34
2025-09-10,ASPI,1093.6
2025-09-11,ASPI,1084.44
2025-09-12,ASPI,1089.93
2025-09-15,ASPI,1079.08
2025-09-16,ASPI,1071.38
2025-09-17,ASPI,1068.78
2025-09-18,ASPI,1062.34
2025-09-19,ASPI,1059.21
2025-09-22,ASPI,1054.55
2025-09-23,ASPI,1046.26
2025-09-24,ASPI,1050.62
2025-09-25,ASPI,1045.44
2025-09-26,ASPI,1051.41
2025-09-29,ASPI,1053.49
2025-09-30,ASPI,1058.58
2025-10-01,ASPI,1054.53
2025-10-02,ASPI,1053.34
2025-10-03,ASPI,1060.73
2025-10-06,ASPI,1052.1
2025-10-07,ASPI,1044.16
2025-10-08,ASPI,1051.7
2025-10-09,ASPI,1075.11
2025-10-10,ASPI,1056.29
2025-10-13,ASPI,1081.78
2025-10-14,ASPI,1069.0
2025-10-15,ASPI,1057.77
2025-10-16,ASPI,1063.72
2025-10-17,ASPI,1041.88
2025-10-20,ASPI,1040.9
2025-10-21,ASPI,1038.05
2025-10-22,ASPI,1042.67
2025-10-23,ASPI,1016.2
2025-10-24,ASPI,996.79
2025-10-27,ASPI,1000.17
2025-10-28,ASPI,986.21
2025-10-29,ASPI,991.14
2025-10-30,ASPI,988.22
2025-10-31,ASPI,971.24
2025-11-03,ASPI,946.46
2025-11-04,ASPI,910.13
2025-11-05,ASPI,879.5
2025-11-06,ASPI,862.75
2025-11-07,ASPI,838.37
2025-11-10,ASPI,822.86
2025-11-11,ASPI,791.1
2025-11-12,ASPI,776.8
2025-11-13,ASPI,783.36
2025-11-14,ASPI,786.83
2025-11-17,ASPI,787.41
2025-11-18,ASPI,791.1
2025-11-19,ASPI,791.26
2025-11-20,ASPI,797.52
2025-11-21,ASPI,803.04
2025-11-24,ASPI,809.08
2025-11-25,ASPI,809.87
2025-11-26,ASPI,808.16
2025-11-27,ASPI,811.03
2025-11-28,ASPI,814.11
2025-12-01,ASPI,818.82
2025-12-02,ASPI,821.0
2025-12-03,ASPI,834.67
2025-12-04,ASPI,840.91
2025-12-05,ASPI,848.47
2025-12-08,ASPI,852.63
2025-12-09,ASPI,861.86
2025-12-10,ASPI,862.89
2025-12-11,ASPI,872.98
2025-12-12,ASPI,888.62
2025-12-15,ASPI,891.56
2025-12-16,ASPI,895.03
2025-12-17,ASPI,896.79
2025-12-18,ASPI,905.96
2025-12-19,ASPI,906.6
2025-12-22,ASPI,914.09
2025-12-23,ASPI,913.58
2025-12-24,ASPI,922.94
2025-12-25,ASPI,919.83
2025-12-26,ASPI,930.35
2025-12-29,ASPI,938.32
2025-12-30,ASPI,940.85
2025-12-31,ASPI,943.81
2026-01-01,ASPI,953.61
2026-01-02,ASPI,956.62
2026-01-05,ASPI,960.93
2026-01-06,ASPI,961.22
2026-01-07,ASPI,980.61
2026-01-08,ASPI,991.19
2026-01-09,ASPI,989.27
2026-01-12,ASPI,988.87
2026-01-13,ASPI,991.63
2026-01-14,ASPI,1004.57
2026-01-15,ASPI,999.55
2026-01-16,ASPI,992.67
2026-01-19,ASPI,988.46
2026-01-20,ASPI,987.06
2026-01-21,ASPI,985.46
2026-01-22,ASPI,982.47
2026-01-23,ASPI,995.26
2026-01-26,ASPI,994.65
2026-01-27,ASPI,985.58
2026-01-28,ASPI,984.78
2026-01-29,ASPI,977.66
2026-01-30,ASPI,980.53
2026-02-02,ASPI,971.56
2026-02-03,ASPI,977.04
2026-02-04,ASPI,972.44
2026-02-05,ASPI,974.01
2026-02-06,ASPI,981.09
2026-02-09,ASPI,986.31
2026-02-10,ASPI,978.41
2026-02-11,ASPI,977.37
2026-02-12,ASPI,972.56
2026-02-13,ASPI,971.29
2026-02-16,ASPI,965.83
2026-02-17,ASPI,968.7
2026-02-18,ASPI,970.12
2026-02-19,ASPI,972.83
2026-02-20,ASPI,963.59
2026-02-23,ASPI,965.88
2026-02-24,ASPI,966.36
2026-02-25,ASPI,964.71
2026-02-26,ASPI,960.99
2026-02-27,ASPI,954.62
2026-03-02,ASPI,964.84
2026-03-03,ASPI,966.11
2026-03-04,ASPI,961.62
2026-03-05,ASPI,959.89
2026-03-06,ASPI,969.75
2026-03-09,ASPI,971.66
2026-03-10,ASPI,966.09
2026-03-11,ASPI,970.76
2026-03-12,ASPI,967.81
2026-03-13,ASPI,967.32
2026-03-16,ASPI,970.88
2026-03-17,ASPI,963.51
2026-03-18,ASPI,967.23
2026-03-19,ASPI,963.31
2026-03-20,ASPI,960.99
2026-03-23,ASPI,959.29
2026-03-24,ASPI,959.31
2026-03-25,ASPI,960.9
2025-01-01,S&P SL20,500.0
2025-01-02,S&P SL20,500.56
2025-01-03,S&P SL20,501.53
2025-01-06,S&P SL20,502.44
2025-01-07,S&P SL20,503.96
2025-01-08,S&P SL20,500.31
2025-01-09,S&P SL20,505.75
2025-01-10,S&P SL20,503.49
2025-01-13,S&P SL20,502.91
2025-01-14,S&P SL20,505.49
2025-01-15,S&P SL20,500.64
2025-01-16,S&P SL20,502.64
2025-01-17,S&P SL20,501.81
2025-01-20,S&P SL20,499.72
2025-01-21,S&P SL20,498.55
2025-01-22,S&P SL20,498.35
2025-01-23,S&P SL20,500.14
2025-01-24,S&P SL20,500.54
2025-01-27,S&P SL20,506.42
2025-01-28,S&P SL20,500.79
2025-01-29,S&P SL20,502.45
2025-01-30,S&P SL20,500.09
2025-01-31,S&P SL20,502.38
2025-02-03,S&P SL20,498.97
2025-02-04,S&P SL20,502.31
2025-02-05,S&P SL20,506.5
2025-02-06,S&P SL20,509.11
2025-02-07,S&P SL20,510.98
2025-02-10,S&P SL20,512.75
2025-02-11,S&P SL20,508.65
2025-02-12,S&P SL20,510.25
2025-02-13,S&P SL20,506.32
2025-02-14,S&P SL20,503.71
2025-02-17,S&P SL20,501.28
2025-02-18,S&P SL20,503.68
2025-02-19,S&P SL20,505.99
2025-02-20,S&P SL20,508.37
2025-02-21,S&P SL20,507.12
2025-02-24,S&P SL20,509.04
2025-02-25,S&P SL20,507.19
2025-02-26,S&P SL20,504.81
2025-02-27,S&P SL20,507.6
2025-02-28,S&P SL20,507.78
2025-03-03,S&P SL20,504.4
2025-03-04,S&P SL20,504.8
2025-03-05,S&P SL20,497.1
2025-03-06,S&P SL20,496.83
2025-03-07,S&P SL20,501.64
2025-03-10,S&P SL20,502.29
2025-03-11,S&P SL20,506.63
2025-03-12,S&P SL20,506.55
2025-03-13,S&P SL20,500.73
2025-03-14,S&P SL20,499.26
2025-03-17,S&P SL20,499.65
2025-03-18,S&P SL20,496.74
2025-03-19,S&P SL20,496.91
2025-03-20,S&P SL20,496.39
2025-03-21,S&P SL20,499.5
2025-03-24,S&P SL20,498.84
2025-03-25,S&P SL20,500.15
2025-03-26,S&P SL20,500.46
2025-03-27,S&P SL20,500.04
2025-03-28,S&P SL20,504.84
2025-03-31,S&P SL20,503.45
2025-04-01,S&P SL20,501.9
2025-04-02,S&P SL20,503.49
2025-04-03,S&P SL20,506.82
2025-04-04,S&P SL20,506.05
2025-04-07,S&P SL20,506.99
2025-04-08,S&P SL20,512.04
2025-04-09,S&P SL20,511.06
2025-04-10,S&P SL20,511.92
2025-04-11,S&P SL20,517.8
2025-04-14,S&P SL20,517.03
2025-04-15,S&P SL20,520.43
2025-04-16,S&P SL20,520.75
2025-04-17,S&P SL20,521.98
2025-04-18,S&P SL20,521.99
2025-04-21,S&P SL20,519.15
2025-04-22,S&P SL20,519.16
2025-04-23,S&P SL20,518.4
2025-04-24,S&P SL20,518.85
2025-04-25,S&P SL20,516.68
2025-04-28,S&P SL20,522.54
2025-04-29,S&P SL20,523.68
2025-04-30,S&P SL20,528.64
2025-05-01,S&P SL20,529.03
2025-05-02,S&P SL20,530.94
2025-05-05,S&P SL20,534.38
2025-05-06,S&P SL20,537.93
2025-05-07,S&P SL20,542.89
2025-05-08,S&P SL20,542.71
2025-05-09,S&P SL20,551.06
2025-05-12,S&P SL20,544.18
2025-05-13,S&P SL20,550.27
2025-05-14,S&P SL20,549.99
2025-05-15,S&P SL20,553.42
2025-05-16,S&P SL20,552.98
2025-05-19,S&P SL20,552.47
2025-05-20,S&P SL20,554.85
2025-05-21,S&P SL20,560.34
2025-05-22,S&P SL20,565.87
2025-05-23,S&P SL20,566.51
2025-05-26,S&P SL20,569.32
2025-05-27,S&P SL20,567.69
2025-05-28,S&P SL20,571.85
2025-05-29,S&P SL20,572.03
2025-05-30,S&P SL20,573.43
2025-06-02,S&P SL20,573.8
2025-06-03,S&P SL20,570.6
2025-06-04,S&P SL20,576.47
2025-06-05,S&P SL20,577.87
2025-06-06,S&P SL20,579.65
2025-06-09,S&P SL20,580.93
2025-06-10,S&P SL20,580.43
2025-06-11,S&P SL20,580.18
2025-06-12,S&P SL20,576.66
2025-06-13,S&P SL20,575.42
2025-06-16,S&P SL20,568.49
2025-06-17,S&P SL20,571.25
2025-06-18,S&P SL20,567.65
2025-06-19,S&P SL20,563.12
2025-06-20,S&P SL20,563.51
2025-06-23,S&P SL20,565.44
2025-06-24,S&P SL20,570.52
2025-06-25,S&P SL20,568.46
2025-06-26,S&P SL20,571.86
2025-06-27,S&P SL20,573.31
2025-06-30,S&P SL20,572.79
2025-07-01,S&P SL20,573.35
2025-07-02,S&P SL20,572.13
2025-07-03,S&P SL20,571.54
2025-07-04,S&P SL20,575.81
2025-07-07,S&P SL20,574.72
2025-07-08,S&P SL20,583.41
2025-07-09,S&P SL20,589.92
2025-07-10,S&P SL20,592.45
2025-07-11,S&P SL20,588.38
2025-07-14,S&P SL20,586.62
2025-07-15,S&P SL20,585.35
2025-07-16,S&P SL20,586.28
2025-07-17,S&P SL20,586.31
2025-07-18,S&P SL20,585.05
2025-07-21,S&P SL20,585.64
2025-07-22,S&P SL20,588.66
2025-07-23,S&P SL20,594.82
2025-07-24,S&P SL20,597.54
2025-07-25,S&P SL20,600.48
2025-07-28,S&P SL20,605.78
2025-07-29,S&P SL20,604.88
2025-07-30,S&P SL20,606.38
2025-07-31,S&P SL20,608.01
2025-08-01,S&P SL20,604.77
2025-08-04,S&P SL20,605.74
2025-08-05,S&P SL20,607.19
2025-08-06,S&P SL20,605.21
2025-08-07,S&P SL20,610.38
2025-08-08,S&P SL20,609.46
2025-08-11,S&P SL20,609.43
2025-08-12,S&P SL20,611.42
2025-08-13,S&P SL20,609.36
2025-08-14,S&P SL20,607.25
2025-08-15,S&P SL20,614.07
2025-08-18,S&P SL20,607.81
2025-08-19,S&P SL20,610.34
2025-08-20,S&P SL20,611.64
2025-08-21,S&P SL20,617.04
2025-08-22,S&P SL20,621.37
2025-08-25,S&P SL20,626.67
2025-08-26,S&P SL20,622.21
2025-08-27,S&P SL20,618.68
2025-08-28,S&P SL20,615.33
2025-08-29,S&P SL20,621.1
2025-09-01,S&P SL20,621.6
2025-09-02,S&P SL20,624.25
2025-09-03,S&P SL20,620.83
2025-09-04,S&P SL20,629.58
2025-09-05,S&P SL20,629.05
2025-09-08,S&P SL20,631.64
2025-09-09,S&P SL20,631.29
2025-09-10,S&P SL20,627.93
2025-09-11,S&P SL20,630.01
2025-09-12,S&P SL20,622.62
2025-09-15,S&P SL20,626.92
2025-09-16,S&P SL20,622.05
2025-09-17,S&P SL20,617.76
2025-09-18,S&P SL20,619.7
2025-09-19,S&P SL20,619.81
2025-09-22,S&P SL20,611.84
2025-09-23,S&P SL20,611.46
2025-09-24,S&P SL20,610.16
2025-09-25,S&P SL20,611.6
2025-09-26,S&P SL20,614.65
2025-09-29,S&P SL20,620.94
2025-09-30,S&P SL20,620.57
2025-10-01,S&P SL20,617.04
2025-10-02,S&P SL20,611.98
2025-10-03,S&P SL20,618.05
2025-10-06,S&P SL20,615.73
2025-10-07,S&P SL20,612.9
2025-10-08,S&P SL20,615.44
2025-10-09,S&P SL20,614.63
2025-10-10,S&P SL20,617.92
2025-10-13,S&P SL20,617.3
2025-10-14,S&P SL20,615.21
2025-10-15,S&P SL20,612.87
2025-10-16,S&P SL20,616.28
2025-10-17,S&P SL20,617.1
2025-10-20,S&P SL20,617.8
2025-10-21,S&P SL20,618.95
2025-10-22,S&P SL20,615.74
2025-10-23,S&P SL20,618.42
2025-10-24,S&P SL20,624.89
2025-10-27,S&P SL20,618.5
2025-10-28,S&P SL20,621.02
2025-10-29,S&P SL20,611.5
2025-10-30,S&P SL20,609.94
2025-10-31,S&P SL20,609.57
2025-11-03,S&P SL20,610.39
2025-11-04,S&P SL20,617.5
2025-11-05,S&P SL20,618.99
2025-11-06,S&P SL20,619.75
2025-11-07,S&P SL20,622.73
2025-11-10,S&P SL20,624.91
2025-11-11,S&P SL20,625.21
2025-11-12,S&P SL20,627.51
2025-11-13,S&P SL20,631.02
2025-11-14,S&P SL20,634.29
2025-11-17,S&P SL20,639.15
2025-11-18,S&P SL20,645.72
2025-11-19,S&P SL20,641.49
2025-11-20,S&P SL20,639.95
2025-11-21,S&P SL20,636.98
2025-11-24,S&P SL20,631.0
2025-11-25,S&P SL20,643.04
2025-11-26,S&P SL20,648.54
2025-11-27,S&P SL20,645.41
2025-11-28,S&P SL20,646.98
2025-12-01,S&P SL20,649.8
2025-12-02,S&P SL20,645.13
2025-12-03,S&P SL20,651.08
2025-12-04,S&P SL20,652.66
2025-12-05,S&P SL20,657.7
2025-12-08,S&P SL20,659.19
2025-12-09,S&P SL20,657.29
2025-12-10,S&P SL20,653.61
2025-12-11,S&P SL20,657.78
2025-12-12,S&P SL20,662.42
2025-12-15,S&P SL20,665.0
2025-12-16,S&P SL20,656.36
2025-12-17,S&P SL20,656.66
2025-12-18,S&P SL20,654.56
2025-12-19,S&P SL20,654.55
2025-12-22,S&P SL20,654.04
2025-12-23,S&P SL20,659.65
2025-12-24,S&P SL20,654.74
2025-12-25,S&P SL20,655.97
2025-12-26,S&P SL20,655.88
2025-12-29,S&P SL20,648.73
2025-12-30,S&P SL20,645.48
2025-12-31,S&P SL20,643.38
2026-01-01,S&P SL20,641.05
2026-01-02,S&P SL20,639.05
2026-01-05,S&P SL20,641.85
2026-01-06,S&P SL20,632.02
2026-01-07,S&P SL20,630.75
2026-01-08,S&P SL20,634.71
2026-01-09,S&P SL20,638.05
2026-01-12,S&P SL20,638.75
2026-01-13,S&P SL20,642.13
2026-01-14,S&P SL20,640.67
2026-01-15,S&P SL20,645.99
2026-01-16,S&P SL20,645.79
2026-01-19,S&P SL20,642.52
2026-01-20,S&P SL20,642.26
2026-01-21,S&P SL20,639.98
2026-01-22,S&P SL20,640.93
2026-01-23,S&P SL20,638.59
2026-01-26,S&P SL20,637.38
2026-01-27,S&P SL20,637.39
2026-01-28,S&P SL20,637.74
2026-01-29,S&P SL20,635.87
2026-01-30,S&P SL20,640.47
2026-02-02,S&P SL20,641.96
2026-02-03,S&P SL20,636.32
2026-02-04,S&P SL20,637.95
2026-02-05,S&P SL20,636.55
2026-02-06,S&P SL20,640.01
2026-02-09,S&P SL20,635.12
2026-02-10,S&P SL20,634.2
2026-02-11,S&P SL20,625.04
2026-02-12,S&P SL20,622.4
2026-02-13,S&P SL20,623.75
2026-02-16,S&P SL20,618.27
2026-02-17,S&P SL20,615.3
2026-02-18,S&P SL20,611.61
2026-02-19,S&P SL20,615.83
2026-02-20,S&P SL20,616.51
2026-02-23,S&P SL20,617.99
2026-02-24,S&P SL20,610.66
2026-02-25,S&P SL20,609.53
2026-02-26,S&P SL20,608.24
2026-02-27,S&P SL20,603.6
2026-03-02,S&P SL20,608.07
2026-03-03,S&P SL20,601.53
2026-03-04,S&P SL20,597.52
2026-03-05,S&P SL20,597.46
2026-03-06,S&P SL20,593.84
2026-03-09,S&P SL20,594.29
2026-03-10,S&P SL20,598.92
2026-03-11,S&P SL20,600.14
2026-03-12,S&P SL20,603.66
2026-03-13,S&P SL20,607.27
2026-03-16,S&P SL20,610.27
2026-03-17,S&P SL20,600.13
2026-03-18,S&P SL20,601.98
2026-03-19,S&P SL20,596.41
2026-03-20,S&P SL20,590.14
2026-03-23,S&P SL20,588.81
2026-03-24,S&P SL20,587.82
2026-03-25,S&P SL20,587.43
