Date,Symbol,Open,High,Low,Close,Volume,Value Traded
2026-01-02,ABC,100.15,100.71,97.89,98.59,67859,6722339
2026-01-05,ABC,97.95,98.37,97.94,98.14,117499,11532527
2026-01-06,ABC,98.57,99.77,97.74,99.72,227400,22530034
2026-01-07,ABC,99.29,100.56,98.64,99.84,175562,17500020
2026-01-08,ABC,99.75,100.66,98.62,98.73,145298,14433419
2026-01-09,ABC,98.56,99.62,98.25,99.35,223266,22119707
2026-01-12,ABC,100.41,100.8,99.19,99.8,244923,24475155
2026-01-13,ABC,100.36,100.99,99.57,100.19,249199,24982200
2026-01-14,ABC,100.56,101.89,100.38,101.38,190814,19313557
2026-01-15,ABC,101.49,102.99,100.97,102.82,186186,19039380
2026-01-16,ABC,102.97,105.09,102.72,103.95,142276,14785322
2026-01-19,ABC,103.62,104.78,102.52,103.19,292099,30231273
2026-01-20,ABC,102.32,102.44,101.36,101.81,256870,26167347
2026-01-21,ABC,102.21,102.56,101.03,101.68,163580,16645356
2026-01-22,ABC,101.03,101.73,98.94,99.31,193285,19327211
2026-01-23,ABC,99.65,99.77,98.55,99.01,154205,15283258
2026-01-26,ABC,99.24,99.51,97.97,98.25,98991,9758203
2026-01-27,ABC,98.49,98.5,97.45,97.8,225027,22033894
2026-01-28,ABC,98.13,98.44,97.93,97.99,77423,7596745
2026-01-29,ABC,97.28,98.01,95.06,95.35,114459,11004088
2026-01-30,ABC,95.17,97.28,94.64,97.02,112859,10869826
2026-02-02,ABC,96.92,97.17,94.94,95.54,75890,7276586
2026-02-03,ABC,95.75,96.52,94.71,96.09,186610,17872262
2026-02-04,ABC,95.84,96.19,94.69,96.17,159697,15280341
2026-02-05,ABC,95.68,96.1,94.7,95.94,273284,26120485
2026-01-02,XYZ,45.13,47.48,44.77,46.78,37752,1749554
2026-01-05,XYZ,46.63,47.0,44.9,45.03,28758,1312611
2026-01-06,XYZ,44.65,45.47,43.54,45.0,257565,11505429
2026-01-07,XYZ,45.16,46.36,43.89,44.04,39959,1788698
2026-01-08,XYZ,43.89,43.97,42.64,43.22,64901,2808699
2026-01-09,XYZ,43.16,44.06,41.78,42.04,58408,2489738
2026-01-12,XYZ,42.66,43.33,42.39,42.8,33177,1421303
2026-01-13,XYZ,42.46,43.59,41.26,41.69,91248,3848841
2026-01-14,XYZ,41.38,42.54,41.3,42.34,58789,2472665
2026-01-15,XYZ,42.11,42.82,41.46,42.58,31670,1339219
2026-01-16,XYZ,42.64,44.41,42.58,44.32,69217,3029628
2026-01-19,XYZ,44.8,45.28,44.18,45.05,74345,3333382
2026-01-20,XYZ,45.63,46.54,44.85,45.84,136976,6265739
2026-01-21,XYZ,46.5,46.72,45.44,46.29,34495,1591944
2026-01-22,XYZ,45.94,46.91,45.94,46.68,55291,2571584
2026-01-23,XYZ,46.81,48.51,46.43,48.46,21525,1028895
2026-01-26,XYZ,48.44,49.18,46.9,47.42,50768,2428403
2026-01-27,XYZ,47.78,47.8,45.92,46.2,50932,2375468
2026-01-28,XYZ,46.59,48.01,46.5,47.22,42367,2001558
2026-01-29,XYZ,47.13,47.52,46.49,47.42,62777,2959517
2026-01-30,XYZ,47.51,51.68,47.0,50.5,51969,2584245
2026-02-02,XYZ,49.88,50.08,48.4,49.14,41670,2050442
2026-02-03,XYZ,48.87,48.97,45.64,46.25,46045,2161966
2026-02-04,XYZ,45.91,46.92,44.96,45.8,173984,7984706
2026-02-05,XYZ,45.31,46.35,42.47,44.07,33400,1479509
2026-01-02,LMN,248.93,259.53,244.63,251.91,3538,891659
2026-01-05,LMN,253.19,253.78,243.85,249.86,0,0
2026-01-06,LMN,250.54,252.61,241.32,245.67,4323,1065764
2026-01-07,LMN,245.82,248.92,244.46,245.82,3810,938784
2026-01-08,LMN,250.33,257.1,245.46,253.71,0,0
2026-01-09,LMN,255.13,259.27,237.65,239.55,2295,563400
2026-01-12,LMN,240.29,241.96,239.85,240.73,3526,849225
2026-01-13,LMN,244.86,245.87,222.17,222.86,4638,1068131
2026-01-14,LMN,218.29,227.47,212.43,220.8,6160,1356637
2026-01-15,LMN,220.64,221.93,207.68,212.51,5352,1145542
2026-01-16,LMN,215.43,225.42,213.77,218.74,6051,1327045
2026-01-19,LMN,218.91,222.7,209.17,213.57,5914,1272377
2026-01-20,LMN,213.75,225.43,206.94,222.51,5764,1258243
2026-01-21,LMN,222.34,224.36,207.58,213.22,5501,1183008
2026-01-22,LMN,210.7,215.43,208.23,210.94,4675,988918
2026-01-23,LMN,212.44,213.57,195.15,195.4,4919,990555
2026-01-26,LMN,190.7,192.67,181.58,186.75,8366,1564442
2026-01-27,LMN,188.59,191.28,181.36,184.82,4493,834889
2026-01-28,LMN,185.4,185.88,179.32,179.8,4845,880175
2026-01-29,LMN,177.58,182.18,174.5,176.8,2651,471418
2026-01-30,LMN,178.54,182.76,175.86,178.61,0,0
2026-02-02,LMN,183.46,189.89,177.03,182.14,0,0
2026-02-03,LMN,184.92,188.97,169.66,174.55,2689,477907
2026-02-04,LMN,175.62,181.7,168.52,177.32,4110,722730
2026-02-05,LMN,178.27,183.09,175.9,182.65,0,0
